"Timestamp","Username","Do we have your consent to collect your basic information and responses for research purposes?","Do you use ride booking services?","How often do you use these services?","What is your primary reason for using hail riding services?","Which ride hailing app do you use most frequently?","What issues do you find in this app (if any)?","What is your preferred choice of payment when booking a ride?","How often do you share rides with friends?","How often do you share rides with strangers?","The last time you shared a ride with a stranger how comfortable was the ride?"," If you could choose who you ride with based off personality, would this affect your chances of using a shared ride service positively?","What feature would you want most on a personality-based ride sharing service?"
"2023/02/06 11:26:05 am GMT","ag648@student.le.ac.uk","Yes","Yes","Rarely","It is late and there is no public transport ","Uber","N/A","5","Almost never","Never have","","Yes","Knowing about the other person and being able to decline"
"2023/02/06 12:06:38 pm GMT","nt225@student.le.ac.uk","Yes","No","","","","","","Sometimes","Never have","","Yes","I don't use one so not sure"
"2023/02/06 12:23:33 pm GMT","snjajshsh@gmail.com","Yes","No","","","","","","Never have","Never have","","Yes","Photo"
"2023/02/07 10:34:53 am GMT","azs8@student.le.ac.uk","Yes","Yes","Almost all the time","Fast transport","Uber","Expensive","1","Sometimes","Never have","","Yes","Age group and public rating on the passenger "
"2023/02/08 9:25:20 am GMT","jforazi9622@gmail.com","Yes","No","","","","","","Almost never","Never have","","Yes","The price to be similar to when I take a ride alone I suppose"
"2023/02/08 9:50:40 am GMT","tomisgay@gmail.com","Yes","Yes","Occasionally","to travel","uber","nothing","5","All the time","Never have","","Yes","split bill"
"2023/02/10 1:20:37 pm GMT","kwright1304@gmail.com","Yes","Yes","Occasionally","Getting somewhere that’s far","Uber/bolt","Finding a ride can be strenuous at times","5","Sometimes","Never have","","Yes","A profile of who you’re sharing with"
"2023/02/10 1:22:21 pm GMT","begumsamiha1@gmail.com","Yes","Yes","Occasionally","To get home at night ","Uber ","Cancellation fee","3","Sometimes","Almost never","Somewhat comfortable","No","mandatory aux chord "
"2023/02/10 1:23:58 pm GMT","ridwana.hussain@outlook.com","Yes","No","","","","","","Almost never","Never have","","Yes","Contact info"
"2023/02/10 1:24:23 pm GMT","priscillamurengera@outlook.com","Yes","Yes","Around once a week","Saves time having to wait and get public transport","Uber","Sometimes drivers take long to accept and cancel last minute ","2","Often","Never have","","Yes","Music and refreshments provided"
"2023/02/10 1:26:32 pm GMT","trevorhill8910@gmail.com","Yes","No","","","","","","Sometimes","Never have","","No","Id checks"
"2023/02/10 1:27:36 pm GMT","iammsd12@gmail.com","Yes","Yes","Around once a week","because i don’t drive ","uber","price inconsistencies ","1","Sometimes","Never have","","No","mandatory phone chargers for customers "
"2023/02/10 1:28:11 pm GMT","kymani.r2014@gmail.com","Yes","Yes","Rarely","Going yard","Bolt","They struggle with maps and directions ","2","Almost never","Never have","","No","To smoke in the car"
"2023/02/10 1:33:35 pm GMT","ku18@student.le.ac.uk","Yes","No","","","","","","Never have","All the time","Very comfortable","No","Can see who I am sharing the ride with "
"2023/02/10 1:41:10 pm GMT","samueladany45@gmail.com","Yes","Yes","Almost all the time","lazy","bolt","sometimes at certain times or locations it takes long to find a driver","4","Sometimes","Never have","","Yes","maybe a feature where u could rate the other driver so if u werent comfortable u dont come across them again"
"2023/02/10 1:50:04 pm GMT","sylejmanthaqi101@gmail.com","Yes","Yes","Occasionally","To get from A to B ","Uber","None","5","All the time","Never have","","No","Cheap"
"2023/02/10 5:04:33 pm GMT","yk125@student.le.ac.uk","Yes","Yes","Almost all the time","🤷🏻‍♂️","Uber","None","2","Sometimes","Never have","","No","It to be cheap"
"2023/02/10 6:17:21 pm GMT","kehindebabalola8@gmail.com","Yes","No","","","","","","All the time","Never have","","Yes","someone funny"
"2023/03/03 1:20:29 pm GMT","","Yes","Yes","Rarely","765r76r","oih","uytf","Apple/Google Pay","Never have","Often","Uncomfortable","No","gug"
"2023/03/03 1:24:32 pm GMT","","Yes","Yes","Almost all the time","work","uber","none","Apple/Google Pay","All the time","All the time","Average","Yes","na"